18magic,6da83893-6113-468f-bd85-f6bee4efe249
adamtheduck,48e955f2-6a66-4ac8-b064-b59469323cb1
agnostos,1eed5b7c-3561-4923-be00-7b05aec18e4e
angelic_nox,bc4e0fd4-a770-4510-be3c-d091e93935c6
asdalavisa,f65718bc-c5ec-40c1-8f07-7939acf64666
auraion,c3f5b918-9e2c-4368-9d5d-3797042eb5a7
captainlazerguns,4056b0cf-3953-45f8-9dd7-fd68cfb1a85c
cheetahboy11,3ce6ff0c-00a3-4881-80ec-2c9fe3507181
chillytheshadow,6a4f7381-7616-4e8a-a2cf-e8ad927e444d
desjyt,c5901777-6c58-4c62-bebb-21d05da22f50
gamertron06,31a1e351-a446-442e-be9b-6603700d20f2
gingeyfox,f1dc5318-d636-4184-ba76-6fede7c4b506
haigen,e7850974-8252-4941-b76e-d47f67578ac4
heroowl,30d4e8c9-492b-40eb-8024-1acebea13307
iambedrock,c6d5e504-6f65-47c3-9d17-871f0a12a1c3
jtaig,eb791beb-8dec-46a0-a2f8-660ca864c5ab
kaandrews,227c766d-24e9-410c-9ce8-0cd9b75b4622
kablueyplayz,64cb84fc-78e6-4615-80a1-a225558b09df
killerx525,ee80eea5-e323-4e14-b240-0df35020a43a
koncan5,946f8196-481b-43fe-b584-241b79d5f5fc
legendove,0bbf181e-b119-49e9-bdfa-b20aa9bd5318
lightdaydreams,bdc5a526-44dc-42aa-97c2-fb0dcae9962a
mango63,b8c62201-5a91-428f-ba78-a46cb8ec2190
mattinaterop,a3ac2a84-91fe-46ff-be3b-f9592a198623
mortbros,86ddc09b-4083-49d1-aac4-4c393583f14b
mrlukecarroll,0a76ba32-f708-47b6-8670-aa78ac8cd039
numlach,a71d3b73-0755-4878-9b57-3e95e326581d
poppingberry,9f786d1e-88b9-491d-81a1-fdfaccd21ee7
proxyness,40af5b7f-080a-4a01-9f09-e7b6eb98adc5
raspberryde,204b6c24-c0a7-4da9-ad30-4a112454fdaa
tm501general,c06aea8c-bddc-48c7-8fa3-141a3f5c9763
zamario,24d65944-e1a2-48f4-9263-2be1ca915379
